Flight Number,Date,Delay (Minutes),Reason for Delay
EK7770,2022-01-01 00:00:00.000000000,53,None
EK1360,2022-01-01 17:30:48.648648648,12,Traffic Control
EK5890,2022-01-02 11:01:37.297297297,43,Weather
EK5726,2022-01-03 04:32:25.945945945,0,Weather
EK5691,2022-01-03 22:03:14.594594594,27,Weather
EK4272,2022-01-04 15:34:03.243243243,55,Weather
EK3592,2022-01-05 09:04:51.891891891,0,None
EK6234,2022-01-06 02:35:40.540540540,0,Mechanical Issue
EK6765,2022-01-06 20:06:29.189189189,33,None
EK966,2022-01-07 13:37:17.837837837,51,Mechanical Issue
EK5834,2022-01-08 07:08:06.486486486,21,Weather
EK4926,2022-01-09 00:38:55.135135135,16,Mechanical Issue
EK6078,2022-01-09 18:09:43.783783783,63,Weather
EK6731,2022-01-10 11:40:32.432432432,53,Mechanical Issue
EK3944,2022-01-11 05:11:21.081081081,0,None
EK3671,2022-01-11 22:42:09.729729729,18,Crew
EK3419,2022-01-12 16:12:58.378378378,26,Traffic Control
EK630,2022-01-13 09:43:47.027027027,67,Weather
EK2185,2022-01-14 03:14:35.675675675,41,Weather
EK7976,2022-01-14 20:45:24.324324324,12,Weather
EK1269,2022-01-15 14:16:12.972972973,22,Crew
EK2891,2022-01-16 07:47:01.621621621,0,Weather
EK6111,2022-01-17 01:17:50.270270270,44,Mechanical Issue
EK7449,2022-01-17 18:48:38.918918919,34,Crew
EK2933,2022-01-18 12:19:27.567567567,51,Mechanical Issue
EK5811,2022-01-19 05:50:16.216216216,11,Weather
EK5551,2022-01-19 23:21:04.864864864,19,Weather
EK6920,2022-01-20 16:51:53.513513513,1,None
EK1684,2022-01-21 10:22:42.162162162,0,Traffic Control
EK5055,2022-01-22 03:53:30.810810810,0,Mechanical Issue
EK3885,2022-01-22 21:24:19.459459459,0,Weather
EK4617,2022-01-23 14:55:08.108108108,42,None
EK6896,2022-01-24 08:25:56.756756756,0,Traffic Control
EK5343,2022-01-25 01:56:45.405405405,76,Mechanical Issue
EK3404,2022-01-25 19:27:34.054054054,0,None
EK974,2022-01-26 12:58:22.702702702,60,Weather
EK1582,2022-01-27 06:29:11.351351351,0,Crew
EK3058,2022-01-28 00:00:00.000000000,32,Traffic Control
EK2547,2022-01-28 17:30:48.648648648,0,Weather
EK3247,2022-01-29 11:01:37.297297297,65,None
EK1475,2022-01-30 04:32:25.945945946,16,None
EK2306,2022-01-30 22:03:14.594594594,47,Crew
EK689,2022-01-31 15:34:03.243243243,17,Weather
EK7601,2022-02-01 09:04:51.891891892,26,Weather
EK3234,2022-02-02 02:35:40.540540540,33,Mechanical Issue
EK3505,2022-02-02 20:06:29.189189189,0,None
EK5158,2022-02-03 13:37:17.837837838,0,Weather
EK2399,2022-02-04 07:08:06.486486486,0,Crew
EK1767,2022-02-05 00:38:55.135135135,17,None
EK7475,2022-02-05 18:09:43.783783784,0,Weather
EK2028,2022-02-06 11:40:32.432432432,0,Traffic Control
EK3702,2022-02-07 05:11:21.081081081,30,Weather
EK4056,2022-02-07 22:42:09.729729729,0,None
EK4390,2022-02-08 16:12:58.378378378,0,Mechanical Issue
EK1146,2022-02-09 09:43:47.027027027,14,Weather
EK6664,2022-02-10 03:14:35.675675675,0,Mechanical Issue
EK3388,2022-02-10 20:45:24.324324324,19,Mechanical Issue
EK6810,2022-02-11 14:16:12.972972973,74,None
EK5893,2022-02-12 07:47:01.621621621,4,None
EK2935,2022-02-13 01:17:50.270270270,0,Traffic Control
EK1100,2022-02-13 18:48:38.918918919,20,Weather
EK2863,2022-02-14 12:19:27.567567567,0,Weather
EK2561,2022-02-15 05:50:16.216216216,16,Weather
EK741,2022-02-15 23:21:04.864864865,24,Crew
EK2541,2022-02-16 16:51:53.513513513,14,None
EK3324,2022-02-17 10:22:42.162162162,17,Mechanical Issue
EK3112,2022-02-18 03:53:30.810810811,21,Weather
EK7541,2022-02-18 21:24:19.459459459,63,Crew
EK1863,2022-02-19 14:55:08.108108108,7,None
EK6735,2022-02-20 08:25:56.756756756,19,None
EK5986,2022-02-21 01:56:45.405405405,41,None
EK7599,2022-02-21 19:27:34.054054054,29,Weather
EK1978,2022-02-22 12:58:22.702702703,4,Weather
EK3056,2022-02-23 06:29:11.351351351,42,None
EK1275,2022-02-24 00:00:00.000000000,0,Traffic Control
EK4514,2022-02-24 17:30:48.648648649,8,Mechanical Issue
EK534,2022-02-25 11:01:37.297297297,0,None
EK6849,2022-02-26 04:32:25.945945946,32,None
EK3652,2022-02-26 22:03:14.594594595,51,Traffic Control
EK2455,2022-02-27 15:34:03.243243243,22,Traffic Control
EK2085,2022-02-28 09:04:51.891891892,17,Mechanical Issue
EK4443,2022-03-01 02:35:40.540540541,0,Crew
EK3573,2022-03-01 20:06:29.189189189,0,Crew
EK1521,2022-03-02 13:37:17.837837838,0,None
EK3961,2022-03-03 07:08:06.486486486,0,None
EK3113,2022-03-04 00:38:55.135135135,3,None
EK5725,2022-03-04 18:09:43.783783784,6,Weather
EK4343,2022-03-05 11:40:32.432432432,80,None
EK2000,2022-03-06 05:11:21.081081081,62,None
EK5298,2022-03-06 22:42:09.729729730,32,Traffic Control
EK7045,2022-03-07 16:12:58.378378378,78,None
EK7373,2022-03-08 09:43:47.027027027,57,None
EK6175,2022-03-09 03:14:35.675675676,0,Mechanical Issue
EK661,2022-03-09 20:45:24.324324324,47,Crew
EK4797,2022-03-10 14:16:12.972972973,36,Weather
EK2481,2022-03-11 07:47:01.621621622,6,Mechanical Issue
EK1495,2022-03-12 01:17:50.270270270,0,Traffic Control
EK6913,2022-03-12 18:48:38.918918919,33,None
EK5411,2022-03-13 12:19:27.567567568,0,Weather
EK3842,2022-03-14 05:50:16.216216216,14,Weather
EK5051,2022-03-14 23:21:04.864864865,0,Traffic Control
EK4298,2022-03-15 16:51:53.513513513,0,Weather
EK1775,2022-03-16 10:22:42.162162162,51,Weather
EK1516,2022-03-17 03:53:30.810810811,14,Weather
EK6939,2022-03-17 21:24:19.459459459,20,Weather
EK7363,2022-03-18 14:55:08.108108108,42,Weather
EK837,2022-03-19 08:25:56.756756757,15,Mechanical Issue
EK1378,2022-03-20 01:56:45.405405405,29,Mechanical Issue
EK1576,2022-03-20 19:27:34.054054054,39,None
EK5387,2022-03-21 12:58:22.702702703,32,Crew
EK4493,2022-03-22 06:29:11.351351351,24,None
EK6860,2022-03-23 00:00:00.000000000,68,Weather
EK5359,2022-03-23 17:30:48.648648649,52,Weather
EK6831,2022-03-24 11:01:37.297297297,12,None
EK879,2022-03-25 04:32:25.945945946,0,Weather
EK992,2022-03-25 22:03:14.594594595,34,Mechanical Issue
EK7708,2022-03-26 15:34:03.243243243,21,Crew
EK5776,2022-03-27 09:04:51.891891892,66,Traffic Control
EK2562,2022-03-28 02:35:40.540540541,45,Weather
EK4384,2022-03-28 20:06:29.189189189,38,Mechanical Issue
EK564,2022-03-29 13:37:17.837837838,15,Traffic Control
EK3068,2022-03-30 07:08:06.486486486,0,Weather
EK5963,2022-03-31 00:38:55.135135135,9,Traffic Control
EK5748,2022-03-31 18:09:43.783783784,29,None
EK2527,2022-04-01 11:40:32.432432432,0,None
EK3195,2022-04-02 05:11:21.081081081,52,Weather
EK1995,2022-04-02 22:42:09.729729730,77,None
EK7730,2022-04-03 16:12:58.378378378,0,Crew
EK5758,2022-04-04 09:43:47.027027027,0,Mechanical Issue
EK6118,2022-04-05 03:14:35.675675676,22,Weather
EK7236,2022-04-05 20:45:24.324324324,0,None
EK891,2022-04-06 14:16:12.972972973,23,Weather
EK6294,2022-04-07 07:47:01.621621622,13,Mechanical Issue
EK5014,2022-04-08 01:17:50.270270270,0,Weather
EK6932,2022-04-08 18:48:38.918918919,54,None
EK4974,2022-04-09 12:19:27.567567568,29,None
EK6392,2022-04-10 05:50:16.216216216,0,None
EK4061,2022-04-10 23:21:04.864864865,60,Weather
EK2778,2022-04-11 16:51:53.513513513,0,Weather
EK7661,2022-04-12 10:22:42.162162162,0,Traffic Control
EK6684,2022-04-13 03:53:30.810810811,21,Mechanical Issue
EK3599,2022-04-13 21:24:19.459459459,26,Weather
EK6778,2022-04-14 14:55:08.108108108,31,Traffic Control
EK700,2022-04-15 08:25:56.756756756,36,None
EK6459,2022-04-16 01:56:45.405405406,30,None
EK5375,2022-04-16 19:27:34.054054054,29,None
EK7573,2022-04-17 12:58:22.702702702,0,None
EK3604,2022-04-18 06:29:11.351351352,0,Weather
EK7715,2022-04-19 00:00:00.000000000,37,Crew
EK5098,2022-04-19 17:30:48.648648648,22,None
EK2954,2022-04-20 11:01:37.297297298,40,Weather
EK4145,2022-04-21 04:32:25.945945946,0,None
EK6347,2022-04-21 22:03:14.594594594,0,Crew
EK1304,2022-04-22 15:34:03.243243244,72,Crew
EK6742,2022-04-23 09:04:51.891891892,32,Traffic Control
EK3231,2022-04-24 02:35:40.540540540,24,None
EK6491,2022-04-24 20:06:29.189189190,36,None
EK3273,2022-04-25 13:37:17.837837838,81,Weather
EK2070,2022-04-26 07:08:06.486486486,75,None
EK5556,2022-04-27 00:38:55.135135136,0,Weather
EK7256,2022-04-27 18:09:43.783783784,0,Mechanical Issue
EK6081,2022-04-28 11:40:32.432432432,0,Mechanical Issue
EK3190,2022-04-29 05:11:21.081081082,0,Mechanical Issue
EK4340,2022-04-29 22:42:09.729729730,17,Mechanical Issue
EK1528,2022-04-30 16:12:58.378378378,22,None
EK7885,2022-05-01 09:43:47.027027026,0,None
EK1002,2022-05-02 03:14:35.675675676,0,Traffic Control
EK7410,2022-05-02 20:45:24.324324324,0,Weather
EK4993,2022-05-03 14:16:12.972972972,42,None
EK1370,2022-05-04 07:47:01.621621622,48,None
EK7438,2022-05-05 01:17:50.270270270,66,None
EK4988,2022-05-05 18:48:38.918918918,14,Weather
EK706,2022-05-06 12:19:27.567567568,40,Weather
EK5634,2022-05-07 05:50:16.216216216,45,Weather
EK6477,2022-05-07 23:21:04.864864864,0,Weather
EK7535,2022-05-08 16:51:53.513513514,27,Mechanical Issue
EK1984,2022-05-09 10:22:42.162162162,35,None
EK1363,2022-05-10 03:53:30.810810810,0,Mechanical Issue
EK3290,2022-05-10 21:24:19.459459460,64,Weather
EK7908,2022-05-11 14:55:08.108108108,14,Weather
EK1063,2022-05-12 08:25:56.756756756,18,Weather
EK5616,2022-05-13 01:56:45.405405406,0,Weather
EK4691,2022-05-13 19:27:34.054054054,0,Weather
EK6519,2022-05-14 12:58:22.702702702,0,Weather
EK2257,2022-05-15 06:29:11.351351352,17,None
EK7128,2022-05-16 00:00:00.000000000,90,None
EK6874,2022-05-16 17:30:48.648648648,0,Mechanical Issue
EK7392,2022-05-17 11:01:37.297297298,104,Mechanical Issue
EK2178,2022-05-18 04:32:25.945945946,57,None
EK3742,2022-05-18 22:03:14.594594594,1,Weather
EK5136,2022-05-19 15:34:03.243243244,16,Weather
EK1559,2022-05-20 09:04:51.891891892,11,None
EK7168,2022-05-21 02:35:40.540540540,66,Weather
EK5779,2022-05-21 20:06:29.189189190,31,Traffic Control
EK2222,2022-05-22 13:37:17.837837838,50,Crew
EK3814,2022-05-23 07:08:06.486486486,26,Mechanical Issue
EK3657,2022-05-24 00:38:55.135135136,12,Mechanical Issue
EK6415,2022-05-24 18:09:43.783783784,25,None
EK3125,2022-05-25 11:40:32.432432432,3,Weather
EK3229,2022-05-26 05:11:21.081081082,0,Weather
EK7200,2022-05-26 22:42:09.729729730,39,None
EK2097,2022-05-27 16:12:58.378378378,0,Crew
EK3560,2022-05-28 09:43:47.027027026,7,Weather
EK3193,2022-05-29 03:14:35.675675676,2,None
EK5391,2022-05-29 20:45:24.324324324,34,Mechanical Issue
EK5647,2022-05-30 14:16:12.972972972,62,None
EK6239,2022-05-31 07:47:01.621621622,51,None
EK4127,2022-06-01 01:17:50.270270270,35,Traffic Control
EK1863,2022-06-01 18:48:38.918918918,0,Mechanical Issue
EK2481,2022-06-02 12:19:27.567567568,9,None
EK5950,2022-06-03 05:50:16.216216216,5,Weather
EK2163,2022-06-03 23:21:04.864864864,1,None
EK2029,2022-06-04 16:51:53.513513514,3,Weather
EK2538,2022-06-05 10:22:42.162162162,2,Mechanical Issue
EK6092,2022-06-06 03:53:30.810810810,1,Mechanical Issue
EK3802,2022-06-06 21:24:19.459459460,44,None
EK2737,2022-06-07 14:55:08.108108108,0,None
EK7892,2022-06-08 08:25:56.756756756,0,Weather
EK6004,2022-06-09 01:56:45.405405406,0,Weather
EK5996,2022-06-09 19:27:34.054054054,57,None
EK1806,2022-06-10 12:58:22.702702702,0,Mechanical Issue
EK4529,2022-06-11 06:29:11.351351352,35,Weather
EK7276,2022-06-12 00:00:00.000000000,29,Traffic Control
EK3175,2022-06-12 17:30:48.648648648,55,Crew
EK5568,2022-06-13 11:01:37.297297298,9,None
EK6364,2022-06-14 04:32:25.945945946,0,Weather
EK1782,2022-06-14 22:03:14.594594594,0,Mechanical Issue
EK1209,2022-06-15 15:34:03.243243244,0,Crew
EK6075,2022-06-16 09:04:51.891891892,20,None
EK6030,2022-06-17 02:35:40.540540540,38,Crew
EK5244,2022-06-17 20:06:29.189189190,29,Traffic Control
EK4913,2022-06-18 13:37:17.837837838,0,Weather
EK4248,2022-06-19 07:08:06.486486486,46,None
EK7892,2022-06-20 00:38:55.135135136,0,Mechanical Issue
EK5853,2022-06-20 18:09:43.783783784,0,Weather
EK5279,2022-06-21 11:40:32.432432432,0,Traffic Control
EK1163,2022-06-22 05:11:21.081081082,17,Weather
EK2498,2022-06-22 22:42:09.729729730,0,Weather
EK3945,2022-06-23 16:12:58.378378378,14,None
EK4243,2022-06-24 09:43:47.027027026,28,Mechanical Issue
EK6227,2022-06-25 03:14:35.675675676,48,None
EK1995,2022-06-25 20:45:24.324324324,20,Weather
EK3804,2022-06-26 14:16:12.972972972,0,None
EK4263,2022-06-27 07:47:01.621621622,19,Weather
EK5732,2022-06-28 01:17:50.270270270,0,Mechanical Issue
EK2353,2022-06-28 18:48:38.918918918,0,None
EK6116,2022-06-29 12:19:27.567567568,0,None
EK7085,2022-06-30 05:50:16.216216216,0,Mechanical Issue
EK5159,2022-06-30 23:21:04.864864864,0,Mechanical Issue
EK1791,2022-07-01 16:51:53.513513514,49,None
EK4081,2022-07-02 10:22:42.162162162,83,Crew
EK3957,2022-07-03 03:53:30.810810810,0,None
EK7780,2022-07-03 21:24:19.459459460,48,None
EK2136,2022-07-04 14:55:08.108108108,3,Weather
EK4196,2022-07-05 08:25:56.756756756,0,Weather
EK3499,2022-07-06 01:56:45.405405406,36,Traffic Control
EK3652,2022-07-06 19:27:34.054054054,22,Weather
EK1198,2022-07-07 12:58:22.702702702,70,Weather
EK2660,2022-07-08 06:29:11.351351352,0,None
EK4597,2022-07-09 00:00:00.000000000,99,Crew
EK5237,2022-07-09 17:30:48.648648648,63,None
EK6863,2022-07-10 11:01:37.297297298,14,Crew
EK6185,2022-07-11 04:32:25.945945946,6,Crew
EK1354,2022-07-11 22:03:14.594594594,0,Weather
EK6355,2022-07-12 15:34:03.243243244,18,Mechanical Issue
EK7892,2022-07-13 09:04:51.891891892,9,Weather
EK7028,2022-07-14 02:35:40.540540540,30,Mechanical Issue
EK3974,2022-07-14 20:06:29.189189190,6,None
EK6257,2022-07-15 13:37:17.837837838,57,Mechanical Issue
EK5749,2022-07-16 07:08:06.486486486,19,Mechanical Issue
EK5672,2022-07-17 00:38:55.135135136,7,Mechanical Issue
EK2207,2022-07-17 18:09:43.783783784,46,Weather
EK3277,2022-07-18 11:40:32.432432432,0,Mechanical Issue
EK6291,2022-07-19 05:11:21.081081082,25,Weather
EK2233,2022-07-19 22:42:09.729729730,16,Weather
EK6035,2022-07-20 16:12:58.378378378,0,Weather
EK6890,2022-07-21 09:43:47.027027026,0,Mechanical Issue
EK5431,2022-07-22 03:14:35.675675676,45,None
EK4010,2022-07-22 20:45:24.324324324,44,Weather
EK702,2022-07-23 14:16:12.972972972,20,Mechanical Issue
EK3755,2022-07-24 07:47:01.621621622,66,Traffic Control
EK4718,2022-07-25 01:17:50.270270270,28,Weather
EK4996,2022-07-25 18:48:38.918918918,52,None
EK1266,2022-07-26 12:19:27.567567568,28,Crew
EK4889,2022-07-27 05:50:16.216216216,7,Mechanical Issue
EK2827,2022-07-27 23:21:04.864864864,0,Crew
EK3431,2022-07-28 16:51:53.513513512,0,Weather
EK697,2022-07-29 10:22:42.162162164,7,Traffic Control
EK7625,2022-07-30 03:53:30.810810812,56,Mechanical Issue
EK2430,2022-07-30 21:24:19.459459460,38,None
EK4082,2022-07-31 14:55:08.108108108,25,Weather
EK7395,2022-08-01 08:25:56.756756756,41,Crew
EK6787,2022-08-02 01:56:45.405405404,31,Crew
EK1108,2022-08-02 19:27:34.054054052,23,Weather
EK3772,2022-08-03 12:58:22.702702704,0,Mechanical Issue
EK1647,2022-08-04 06:29:11.351351352,49,None
EK4782,2022-08-05 00:00:00.000000000,1,None
EK3897,2022-08-05 17:30:48.648648648,48,Mechanical Issue
EK3011,2022-08-06 11:01:37.297297296,51,None
EK2294,2022-08-07 04:32:25.945945944,0,None
EK1159,2022-08-07 22:03:14.594594596,43,None
EK3311,2022-08-08 15:34:03.243243244,4,Weather
EK7598,2022-08-09 09:04:51.891891892,4,None
EK6551,2022-08-10 02:35:40.540540540,23,Mechanical Issue
EK7046,2022-08-10 20:06:29.189189188,24,None
EK1869,2022-08-11 13:37:17.837837836,16,Mechanical Issue
EK2486,2022-08-12 07:08:06.486486488,0,Weather
EK6130,2022-08-13 00:38:55.135135136,11,None
EK646,2022-08-13 18:09:43.783783784,83,Mechanical Issue
EK3719,2022-08-14 11:40:32.432432432,0,None
EK3411,2022-08-15 05:11:21.081081080,41,None
EK2234,2022-08-15 22:42:09.729729728,47,Traffic Control
EK2343,2022-08-16 16:12:58.378378380,0,Weather
EK988,2022-08-17 09:43:47.027027028,1,Traffic Control
EK3476,2022-08-18 03:14:35.675675676,0,Weather
EK2459,2022-08-18 20:45:24.324324324,71,Weather
EK6259,2022-08-19 14:16:12.972972972,48,None
EK7194,2022-08-20 07:47:01.621621620,50,Weather
EK2885,2022-08-21 01:17:50.270270272,19,Mechanical Issue
EK3419,2022-08-21 18:48:38.918918920,54,None
EK5236,2022-08-22 12:19:27.567567568,15,Mechanical Issue
EK2302,2022-08-23 05:50:16.216216216,56,Weather
EK7116,2022-08-23 23:21:04.864864864,11,None
EK6565,2022-08-24 16:51:53.513513512,0,Weather
EK6794,2022-08-25 10:22:42.162162164,69,None
EK6034,2022-08-26 03:53:30.810810812,14,None
EK4561,2022-08-26 21:24:19.459459460,0,None
EK3869,2022-08-27 14:55:08.108108108,0,Traffic Control
EK6230,2022-08-28 08:25:56.756756756,0,Mechanical Issue
EK762,2022-08-29 01:56:45.405405404,40,Weather
EK6383,2022-08-29 19:27:34.054054052,12,None
EK6787,2022-08-30 12:58:22.702702704,84,None
EK6989,2022-08-31 06:29:11.351351352,51,Crew
EK1123,2022-09-01 00:00:00.000000000,23,Weather
EK1516,2022-09-01 17:30:48.648648648,57,Weather
EK4143,2022-09-02 11:01:37.297297296,0,Weather
EK5476,2022-09-03 04:32:25.945945944,0,None
EK2549,2022-09-03 22:03:14.594594596,0,Mechanical Issue
EK7540,2022-09-04 15:34:03.243243244,19,None
EK5923,2022-09-05 09:04:51.891891892,8,None
EK6897,2022-09-06 02:35:40.540540540,40,Weather
EK4223,2022-09-06 20:06:29.189189188,11,Traffic Control
EK5048,2022-09-07 13:37:17.837837836,37,Mechanical Issue
EK3608,2022-09-08 07:08:06.486486488,60,Crew
EK5779,2022-09-09 00:38:55.135135136,11,None
EK4590,2022-09-09 18:09:43.783783784,32,None
EK7658,2022-09-10 11:40:32.432432432,0,None
EK2556,2022-09-11 05:11:21.081081080,11,Weather
EK7900,2022-09-11 22:42:09.729729728,0,Weather
EK3670,2022-09-12 16:12:58.378378380,19,None
EK2182,2022-09-13 09:43:47.027027028,22,Weather
EK7459,2022-09-14 03:14:35.675675676,22,Mechanical Issue
EK2755,2022-09-14 20:45:24.324324324,1,Weather
EK1654,2022-09-15 14:16:12.972972972,84,Traffic Control
EK4999,2022-09-16 07:47:01.621621620,0,Weather
EK6795,2022-09-17 01:17:50.270270272,0,Traffic Control
EK6697,2022-09-17 18:48:38.918918920,65,None
EK3691,2022-09-18 12:19:27.567567568,0,Weather
EK2196,2022-09-19 05:50:16.216216216,0,Weather
EK4491,2022-09-19 23:21:04.864864864,84,Mechanical Issue
EK5223,2022-09-20 16:51:53.513513512,45,None
EK5182,2022-09-21 10:22:42.162162164,0,Weather
EK2148,2022-09-22 03:53:30.810810812,22,Mechanical Issue
EK6039,2022-09-22 21:24:19.459459460,73,Weather
EK1945,2022-09-23 14:55:08.108108108,36,None
EK4699,2022-09-24 08:25:56.756756756,54,Mechanical Issue
EK4423,2022-09-25 01:56:45.405405404,39,None
EK753,2022-09-25 19:27:34.054054052,43,None
EK7894,2022-09-26 12:58:22.702702704,16,Weather
EK3683,2022-09-27 06:29:11.351351352,15,None
EK3057,2022-09-28 00:00:00.000000000,23,Weather
EK6092,2022-09-28 17:30:48.648648648,37,None
EK598,2022-09-29 11:01:37.297297296,7,Traffic Control
EK2700,2022-09-30 04:32:25.945945944,19,None
EK6480,2022-09-30 22:03:14.594594596,6,Weather
EK3461,2022-10-01 15:34:03.243243244,18,Weather
EK6515,2022-10-02 09:04:51.891891892,0,Mechanical Issue
EK5473,2022-10-03 02:35:40.540540540,93,Mechanical Issue
EK4933,2022-10-03 20:06:29.189189188,0,Weather
EK4277,2022-10-04 13:37:17.837837836,4,Mechanical Issue
EK3369,2022-10-05 07:08:06.486486488,0,Weather
EK3734,2022-10-06 00:38:55.135135136,33,Mechanical Issue
EK4291,2022-10-06 18:09:43.783783784,9,None
EK1456,2022-10-07 11:40:32.432432432,0,Mechanical Issue
EK6300,2022-10-08 05:11:21.081081080,35,Weather
EK4567,2022-10-08 22:42:09.729729728,39,Mechanical Issue
EK660,2022-10-09 16:12:58.378378380,13,Weather
EK6199,2022-10-10 09:43:47.027027028,0,None
EK7444,2022-10-11 03:14:35.675675676,81,Weather
EK4993,2022-10-11 20:45:24.324324324,25,None
EK1800,2022-10-12 14:16:12.972972972,0,None
EK5411,2022-10-13 07:47:01.621621620,57,None
EK4487,2022-10-14 01:17:50.270270272,0,Traffic Control
EK2027,2022-10-14 18:48:38.918918920,97,None
EK6515,2022-10-15 12:19:27.567567568,17,None
EK6011,2022-10-16 05:50:16.216216216,45,Traffic Control
EK5754,2022-10-16 23:21:04.864864864,0,Crew
EK1718,2022-10-17 16:51:53.513513512,0,Traffic Control
EK4996,2022-10-18 10:22:42.162162164,55,Crew
EK5235,2022-10-19 03:53:30.810810812,25,Traffic Control
EK3604,2022-10-19 21:24:19.459459460,76,Mechanical Issue
EK3235,2022-10-20 14:55:08.108108108,30,Weather
EK5055,2022-10-21 08:25:56.756756756,19,Weather
EK1454,2022-10-22 01:56:45.405405404,66,Weather
EK5065,2022-10-22 19:27:34.054054052,45,Weather
EK3946,2022-10-23 12:58:22.702702704,9,Weather
EK1545,2022-10-24 06:29:11.351351352,0,Crew
EK7393,2022-10-25 00:00:00.000000000,0,Weather
EK2193,2022-10-25 17:30:48.648648648,2,None
EK6681,2022-10-26 11:01:37.297297296,0,Weather
EK6873,2022-10-27 04:32:25.945945944,93,Weather
EK3936,2022-10-27 22:03:14.594594596,0,None
EK1062,2022-10-28 15:34:03.243243244,0,Crew
EK2985,2022-10-29 09:04:51.891891892,0,Weather
EK6395,2022-10-30 02:35:40.540540540,7,None
EK3854,2022-10-30 20:06:29.189189188,0,None
EK6670,2022-10-31 13:37:17.837837836,67,Mechanical Issue
EK725,2022-11-01 07:08:06.486486488,20,Mechanical Issue
EK7944,2022-11-02 00:38:55.135135136,15,None
EK5393,2022-11-02 18:09:43.783783784,11,Traffic Control
EK6927,2022-11-03 11:40:32.432432432,39,Crew
EK7522,2022-11-04 05:11:21.081081080,1,None
EK1459,2022-11-04 22:42:09.729729728,35,Weather
EK6100,2022-11-05 16:12:58.378378380,63,Mechanical Issue
EK5048,2022-11-06 09:43:47.027027028,29,Weather
EK3567,2022-11-07 03:14:35.675675676,8,None
EK1315,2022-11-07 20:45:24.324324324,0,Crew
EK5254,2022-11-08 14:16:12.972972972,7,Traffic Control
EK5142,2022-11-09 07:47:01.621621620,32,Weather
EK5811,2022-11-10 01:17:50.270270272,0,Weather
EK3620,2022-11-10 18:48:38.918918920,40,Mechanical Issue
EK516,2022-11-11 12:19:27.567567568,21,None
EK7839,2022-11-12 05:50:16.216216216,11,Crew
EK1743,2022-11-12 23:21:04.864864864,0,Weather
EK2705,2022-11-13 16:51:53.513513512,1,None
EK3024,2022-11-14 10:22:42.162162164,33,Weather
EK1569,2022-11-15 03:53:30.810810812,11,None
EK3944,2022-11-15 21:24:19.459459460,0,Weather
EK3065,2022-11-16 14:55:08.108108108,29,Traffic Control
EK6742,2022-11-17 08:25:56.756756756,30,Weather
EK6364,2022-11-18 01:56:45.405405404,0,None
EK1560,2022-11-18 19:27:34.054054052,32,Mechanical Issue
EK2827,2022-11-19 12:58:22.702702704,90,Weather
EK3920,2022-11-20 06:29:11.351351352,29,Mechanical Issue
EK7140,2022-11-21 00:00:00.000000000,0,Weather
EK801,2022-11-21 17:30:48.648648648,20,Weather
EK4776,2022-11-22 11:01:37.297297296,0,None
EK1106,2022-11-23 04:32:25.945945944,110,Mechanical Issue
EK3670,2022-11-23 22:03:14.594594596,82,None
EK1199,2022-11-24 15:34:03.243243244,0,Traffic Control
EK5588,2022-11-25 09:04:51.891891892,0,Traffic Control
EK1639,2022-11-26 02:35:40.540540540,0,Weather
EK690,2022-11-26 20:06:29.189189188,10,Weather
EK2800,2022-11-27 13:37:17.837837836,0,None
EK1480,2022-11-28 07:08:06.486486488,13,None
EK3475,2022-11-29 00:38:55.135135136,9,Weather
EK6602,2022-11-29 18:09:43.783783784,19,Weather
EK1684,2022-11-30 11:40:32.432432432,22,Mechanical Issue
EK3827,2022-12-01 05:11:21.081081080,0,None
EK3894,2022-12-01 22:42:09.729729728,0,Weather
EK627,2022-12-02 16:12:58.378378380,16,Mechanical Issue
EK2565,2022-12-03 09:43:47.027027028,0,None
EK2316,2022-12-04 03:14:35.675675676,42,Weather
EK6354,2022-12-04 20:45:24.324324324,16,Weather
EK7209,2022-12-05 14:16:12.972972972,71,Traffic Control
EK1069,2022-12-06 07:47:01.621621620,40,None
EK5942,2022-12-07 01:17:50.270270272,48,Weather
EK2395,2022-12-07 18:48:38.918918920,19,Mechanical Issue
EK3233,2022-12-08 12:19:27.567567568,20,Mechanical Issue
EK4363,2022-12-09 05:50:16.216216216,67,Mechanical Issue
EK5221,2022-12-09 23:21:04.864864864,4,Traffic Control
EK7955,2022-12-10 16:51:53.513513512,31,Mechanical Issue
EK4514,2022-12-11 10:22:42.162162164,7,Mechanical Issue
EK3401,2022-12-12 03:53:30.810810812,7,Mechanical Issue
EK2186,2022-12-12 21:24:19.459459460,0,Crew
EK3509,2022-12-13 14:55:08.108108108,0,Crew
EK654,2022-12-14 08:25:56.756756756,0,None
EK3037,2022-12-15 01:56:45.405405404,33,Weather
EK1909,2022-12-15 19:27:34.054054052,46,None
EK4557,2022-12-16 12:58:22.702702704,12,None
EK1284,2022-12-17 06:29:11.351351352,22,Weather
EK3675,2022-12-18 00:00:00.000000000,10,Mechanical Issue
EK4841,2022-12-18 17:30:48.648648648,0,Mechanical Issue
EK7843,2022-12-19 11:01:37.297297296,41,Weather
EK7706,2022-12-20 04:32:25.945945944,35,Mechanical Issue
EK6096,2022-12-20 22:03:14.594594596,0,Weather
EK6301,2022-12-21 15:34:03.243243244,7,Weather
EK3306,2022-12-22 09:04:51.891891892,0,None
EK1037,2022-12-23 02:35:40.540540540,3,Weather
EK6486,2022-12-23 20:06:29.189189188,0,None
EK2341,2022-12-24 13:37:17.837837836,14,Crew
EK5516,2022-12-25 07:08:06.486486488,5,None
EK2955,2022-12-26 00:38:55.135135136,4,Crew
EK1024,2022-12-26 18:09:43.783783784,48,Weather
EK7471,2022-12-27 11:40:32.432432432,32,Traffic Control
EK6125,2022-12-28 05:11:21.081081080,0,Weather
EK3450,2022-12-28 22:42:09.729729728,0,Mechanical Issue
EK4631,2022-12-29 16:12:58.378378380,30,None
EK5280,2022-12-30 09:43:47.027027028,30,Weather
EK4615,2022-12-31 03:14:35.675675676,0,Mechanical Issue
EK2868,2022-12-31 20:45:24.324324324,8,None
EK4347,2023-01-01 14:16:12.972972972,70,None
EK7155,2023-01-02 07:47:01.621621620,0,Traffic Control
EK4995,2023-01-03 01:17:50.270270272,72,Weather
EK3201,2023-01-03 18:48:38.918918920,48,Traffic Control
EK1471,2023-01-04 12:19:27.567567568,67,Weather
EK6502,2023-01-05 05:50:16.216216216,0,None
EK7114,2023-01-05 23:21:04.864864864,10,None
EK1666,2023-01-06 16:51:53.513513512,2,None
EK5711,2023-01-07 10:22:42.162162164,49,None
EK5429,2023-01-08 03:53:30.810810812,0,Weather
EK6419,2023-01-08 21:24:19.459459460,37,None
EK3274,2023-01-09 14:55:08.108108108,35,None
EK2482,2023-01-10 08:25:56.756756756,14,Weather
EK1353,2023-01-11 01:56:45.405405404,54,None
EK4646,2023-01-11 19:27:34.054054052,18,Weather
EK4236,2023-01-12 12:58:22.702702704,40,Traffic Control
EK4269,2023-01-13 06:29:11.351351352,0,None
EK1074,2023-01-14 00:00:00.000000000,0,Traffic Control
EK3761,2023-01-14 17:30:48.648648648,37,Weather
EK1648,2023-01-15 11:01:37.297297296,28,Crew
EK6793,2023-01-16 04:32:25.945945944,22,Crew
EK6957,2023-01-16 22:03:14.594594596,5,None
EK7213,2023-01-17 15:34:03.243243244,61,Mechanical Issue
EK6948,2023-01-18 09:04:51.891891892,0,Mechanical Issue
EK2215,2023-01-19 02:35:40.540540540,0,None
EK5277,2023-01-19 20:06:29.189189188,43,Mechanical Issue
EK5433,2023-01-20 13:37:17.837837836,41,Traffic Control
EK4354,2023-01-21 07:08:06.486486488,26,Traffic Control
EK5673,2023-01-22 00:38:55.135135136,6,None
EK7646,2023-01-22 18:09:43.783783784,30,Crew
EK2991,2023-01-23 11:40:32.432432432,67,Crew
EK3160,2023-01-24 05:11:21.081081080,90,Weather
EK7636,2023-01-24 22:42:09.729729728,0,Weather
EK6907,2023-01-25 16:12:58.378378380,2,Weather
EK3624,2023-01-26 09:43:47.027027028,1,Weather
EK6191,2023-01-27 03:14:35.675675676,64,Traffic Control
EK3551,2023-01-27 20:45:24.324324324,0,None
EK504,2023-01-28 14:16:12.972972972,30,Crew
EK5722,2023-01-29 07:47:01.621621620,7,None
EK5815,2023-01-30 01:17:50.270270272,64,None
EK5369,2023-01-30 18:48:38.918918920,60,None
EK1376,2023-01-31 12:19:27.567567568,26,Traffic Control
EK1491,2023-02-01 05:50:16.216216216,0,Crew
EK7527,2023-02-01 23:21:04.864864864,0,Mechanical Issue
EK4642,2023-02-02 16:51:53.513513512,1,Weather
EK7510,2023-02-03 10:22:42.162162164,0,Mechanical Issue
EK7466,2023-02-04 03:53:30.810810812,50,None
EK7579,2023-02-04 21:24:19.459459460,0,None
EK7299,2023-02-05 14:55:08.108108108,74,Weather
EK4864,2023-02-06 08:25:56.756756756,74,Mechanical Issue
EK4965,2023-02-07 01:56:45.405405404,3,None
EK1135,2023-02-07 19:27:34.054054052,25,Weather
EK5725,2023-02-08 12:58:22.702702704,13,Mechanical Issue
EK2193,2023-02-09 06:29:11.351351352,42,None
EK2182,2023-02-10 00:00:00.000000000,53,Mechanical Issue
EK5252,2023-02-10 17:30:48.648648648,23,Weather
EK619,2023-02-11 11:01:37.297297296,29,Crew
EK1330,2023-02-12 04:32:25.945945944,0,None
EK6406,2023-02-12 22:03:14.594594596,28,Crew
EK4175,2023-02-13 15:34:03.243243244,20,Weather
EK5677,2023-02-14 09:04:51.891891892,0,Mechanical Issue
EK6570,2023-02-15 02:35:40.540540540,15,Mechanical Issue
EK1869,2023-02-15 20:06:29.189189188,4,Crew
EK1240,2023-02-16 13:37:17.837837836,0,None
EK616,2023-02-17 07:08:06.486486488,0,Weather
EK6449,2023-02-18 00:38:55.135135136,17,None
EK3338,2023-02-18 18:09:43.783783784,0,Weather
EK1650,2023-02-19 11:40:32.432432432,1,Mechanical Issue
EK2431,2023-02-20 05:11:21.081081080,47,Weather
EK1512,2023-02-20 22:42:09.729729728,34,Mechanical Issue
EK2164,2023-02-21 16:12:58.378378380,0,Crew
EK1581,2023-02-22 09:43:47.027027024,26,Crew
EK5229,2023-02-23 03:14:35.675675672,19,Weather
EK1012,2023-02-23 20:45:24.324324328,66,Traffic Control
EK3349,2023-02-24 14:16:12.972972976,56,Weather
EK5715,2023-02-25 07:47:01.621621624,0,None
EK5737,2023-02-26 01:17:50.270270272,41,None
EK1059,2023-02-26 18:48:38.918918920,53,Mechanical Issue
EK4172,2023-02-27 12:19:27.567567568,32,Crew
EK5083,2023-02-28 05:50:16.216216216,5,Mechanical Issue
EK7904,2023-02-28 23:21:04.864864864,87,Weather
EK5492,2023-03-01 16:51:53.513513512,35,Mechanical Issue
EK3843,2023-03-02 10:22:42.162162160,74,None
EK5808,2023-03-03 03:53:30.810810808,56,Crew
EK4570,2023-03-03 21:24:19.459459456,29,Weather
EK5299,2023-03-04 14:55:08.108108104,0,None
EK1970,2023-03-05 08:25:56.756756760,14,Crew
EK1080,2023-03-06 01:56:45.405405408,8,None
EK7433,2023-03-06 19:27:34.054054056,0,Crew
EK7504,2023-03-07 12:58:22.702702704,35,Crew
EK2794,2023-03-08 06:29:11.351351352,62,Weather
EK3647,2023-03-09 00:00:00.000000000,6,Weather
EK4749,2023-03-09 17:30:48.648648648,80,None
EK2179,2023-03-10 11:01:37.297297296,0,Weather
EK4006,2023-03-11 04:32:25.945945944,47,None
EK5592,2023-03-11 22:03:14.594594592,65,Crew
EK7753,2023-03-12 15:34:03.243243240,9,Weather
EK3244,2023-03-13 09:04:51.891891888,9,Weather
EK3856,2023-03-14 02:35:40.540540544,46,Weather
EK4545,2023-03-14 20:06:29.189189192,30,None
EK1743,2023-03-15 13:37:17.837837840,0,Mechanical Issue
EK5688,2023-03-16 07:08:06.486486488,0,Mechanical Issue
EK3618,2023-03-17 00:38:55.135135136,15,Mechanical Issue
EK5604,2023-03-17 18:09:43.783783784,0,Weather
EK2641,2023-03-18 11:40:32.432432432,1,Mechanical Issue
EK6369,2023-03-19 05:11:21.081081080,0,Weather
EK5553,2023-03-19 22:42:09.729729728,4,None
EK3559,2023-03-20 16:12:58.378378376,5,Mechanical Issue
EK5048,2023-03-21 09:43:47.027027024,26,Mechanical Issue
EK5823,2023-03-22 03:14:35.675675672,12,Mechanical Issue
EK3459,2023-03-22 20:45:24.324324328,30,Mechanical Issue
EK2765,2023-03-23 14:16:12.972972976,27,None
EK7117,2023-03-24 07:47:01.621621624,46,Crew
EK2979,2023-03-25 01:17:50.270270272,41,Weather
EK6984,2023-03-25 18:48:38.918918920,38,Traffic Control
EK5146,2023-03-26 12:19:27.567567568,108,Weather
EK2135,2023-03-27 05:50:16.216216216,25,Weather
EK5908,2023-03-27 23:21:04.864864864,93,None
EK7921,2023-03-28 16:51:53.513513512,27,None
EK2257,2023-03-29 10:22:42.162162160,13,None
EK4952,2023-03-30 03:53:30.810810808,4,Mechanical Issue
EK2570,2023-03-30 21:24:19.459459456,60,Crew
EK6381,2023-03-31 14:55:08.108108104,64,Weather
EK7165,2023-04-01 08:25:56.756756760,33,Weather
EK6377,2023-04-02 01:56:45.405405408,49,None
EK7767,2023-04-02 19:27:34.054054056,0,Mechanical Issue
EK3349,2023-04-03 12:58:22.702702704,0,None
EK3751,2023-04-04 06:29:11.351351352,52,None
EK7890,2023-04-05 00:00:00.000000000,11,Weather
EK7405,2023-04-05 17:30:48.648648648,37,Crew
EK4230,2023-04-06 11:01:37.297297296,0,Traffic Control
EK2989,2023-04-07 04:32:25.945945944,65,Weather
EK2131,2023-04-07 22:03:14.594594592,0,None
EK3316,2023-04-08 15:34:03.243243240,0,Crew
EK1515,2023-04-09 09:04:51.891891888,58,Weather
EK1848,2023-04-10 02:35:40.540540544,0,Crew
EK5111,2023-04-10 20:06:29.189189192,26,None
EK3587,2023-04-11 13:37:17.837837840,12,Weather
EK3339,2023-04-12 07:08:06.486486488,0,None
EK835,2023-04-13 00:38:55.135135136,9,Weather
EK6378,2023-04-13 18:09:43.783783784,0,None
EK6901,2023-04-14 11:40:32.432432432,61,None
EK5092,2023-04-15 05:11:21.081081080,69,Mechanical Issue
EK1395,2023-04-15 22:42:09.729729728,0,Mechanical Issue
EK6803,2023-04-16 16:12:58.378378376,23,None
EK4046,2023-04-17 09:43:47.027027024,0,Mechanical Issue
EK1351,2023-04-18 03:14:35.675675672,47,None
EK2187,2023-04-18 20:45:24.324324328,46,Weather
EK2431,2023-04-19 14:16:12.972972976,6,None
EK7333,2023-04-20 07:47:01.621621624,16,None
EK4246,2023-04-21 01:17:50.270270272,12,None
EK2927,2023-04-21 18:48:38.918918920,0,Weather
EK2068,2023-04-22 12:19:27.567567568,61,Crew
EK4500,2023-04-23 05:50:16.216216216,0,Crew
EK5552,2023-04-23 23:21:04.864864864,0,Mechanical Issue
EK3238,2023-04-24 16:51:53.513513512,10,Mechanical Issue
EK3998,2023-04-25 10:22:42.162162160,45,Weather
EK6232,2023-04-26 03:53:30.810810808,0,None
EK5887,2023-04-26 21:24:19.459459456,0,Crew
EK6036,2023-04-27 14:55:08.108108104,0,Weather
EK5787,2023-04-28 08:25:56.756756760,28,Traffic Control
EK4413,2023-04-29 01:56:45.405405408,81,Mechanical Issue
EK1566,2023-04-29 19:27:34.054054056,0,Weather
EK4880,2023-04-30 12:58:22.702702704,0,None
EK2944,2023-05-01 06:29:11.351351352,0,None
EK4607,2023-05-02 00:00:00.000000000,0,Crew
EK6226,2023-05-02 17:30:48.648648648,51,Weather
EK3873,2023-05-03 11:01:37.297297296,60,None
EK4469,2023-05-04 04:32:25.945945944,20,Mechanical Issue
EK7920,2023-05-04 22:03:14.594594592,1,Mechanical Issue
EK3046,2023-05-05 15:34:03.243243240,69,Mechanical Issue
EK1253,2023-05-06 09:04:51.891891888,20,Crew
EK2582,2023-05-07 02:35:40.540540544,48,Crew
EK3274,2023-05-07 20:06:29.189189192,0,Mechanical Issue
EK3396,2023-05-08 13:37:17.837837840,16,Traffic Control
EK4685,2023-05-09 07:08:06.486486488,0,None
EK1275,2023-05-10 00:38:55.135135136,34,Mechanical Issue
EK7248,2023-05-10 18:09:43.783783784,21,None
EK7613,2023-05-11 11:40:32.432432432,0,None
EK2125,2023-05-12 05:11:21.081081080,0,Mechanical Issue
EK3569,2023-05-12 22:42:09.729729728,63,Mechanical Issue
EK917,2023-05-13 16:12:58.378378376,74,Traffic Control
EK614,2023-05-14 09:43:47.027027024,9,Crew
EK1116,2023-05-15 03:14:35.675675672,17,None
EK4474,2023-05-15 20:45:24.324324328,27,Mechanical Issue
EK3767,2023-05-16 14:16:12.972972976,19,None
EK1325,2023-05-17 07:47:01.621621624,0,Weather
EK6245,2023-05-18 01:17:50.270270272,28,Weather
EK2016,2023-05-18 18:48:38.918918920,0,Traffic Control
EK3646,2023-05-19 12:19:27.567567568,0,Weather
EK912,2023-05-20 05:50:16.216216216,30,Weather
EK1228,2023-05-20 23:21:04.864864864,33,Mechanical Issue
EK3848,2023-05-21 16:51:53.513513512,0,Weather
EK7664,2023-05-22 10:22:42.162162160,1,Weather
EK3308,2023-05-23 03:53:30.810810808,0,None
EK1175,2023-05-23 21:24:19.459459456,12,Weather
EK3965,2023-05-24 14:55:08.108108104,14,None
EK6488,2023-05-25 08:25:56.756756760,35,None
EK3004,2023-05-26 01:56:45.405405408,0,None
EK3467,2023-05-26 19:27:34.054054056,26,Weather
EK6835,2023-05-27 12:58:22.702702704,30,None
EK3286,2023-05-28 06:29:11.351351352,21,Crew
EK1622,2023-05-29 00:00:00.000000000,7,Traffic Control
EK4579,2023-05-29 17:30:48.648648648,20,Traffic Control
EK2071,2023-05-30 11:01:37.297297296,38,None
EK5573,2023-05-31 04:32:25.945945944,40,Mechanical Issue
EK5604,2023-05-31 22:03:14.594594592,69,None
EK2643,2023-06-01 15:34:03.243243240,0,Crew
EK2187,2023-06-02 09:04:51.891891888,2,None
EK7306,2023-06-03 02:35:40.540540544,0,None
EK7857,2023-06-03 20:06:29.189189192,43,Weather
EK4632,2023-06-04 13:37:17.837837840,5,None
EK4351,2023-06-05 07:08:06.486486488,21,Weather
EK3940,2023-06-06 00:38:55.135135136,0,Weather
EK4266,2023-06-06 18:09:43.783783784,5,Weather
EK6144,2023-06-07 11:40:32.432432432,52,Mechanical Issue
EK2826,2023-06-08 05:11:21.081081080,36,Traffic Control
EK6860,2023-06-08 22:42:09.729729728,12,Weather
EK3414,2023-06-09 16:12:58.378378376,38,Weather
EK5468,2023-06-10 09:43:47.027027024,39,None
EK6417,2023-06-11 03:14:35.675675672,3,None
EK5892,2023-06-11 20:45:24.324324328,0,None
EK4452,2023-06-12 14:16:12.972972976,0,None
EK6705,2023-06-13 07:47:01.621621624,0,None
EK1095,2023-06-14 01:17:50.270270272,50,Weather
EK6499,2023-06-14 18:48:38.918918920,55,Mechanical Issue
EK1228,2023-06-15 12:19:27.567567568,63,None
EK1865,2023-06-16 05:50:16.216216216,0,Weather
EK4992,2023-06-16 23:21:04.864864864,47,Traffic Control
EK1198,2023-06-17 16:51:53.513513512,81,Weather
EK7686,2023-06-18 10:22:42.162162160,48,Mechanical Issue
EK6820,2023-06-19 03:53:30.810810808,0,Crew
EK6231,2023-06-19 21:24:19.459459456,68,Traffic Control
EK895,2023-06-20 14:55:08.108108104,16,Crew
EK7088,2023-06-21 08:25:56.756756760,8,Traffic Control
EK7900,2023-06-22 01:56:45.405405408,29,Weather
EK4671,2023-06-22 19:27:34.054054056,0,Weather
EK4860,2023-06-23 12:58:22.702702704,15,None
EK3002,2023-06-24 06:29:11.351351352,64,Traffic Control
EK2319,2023-06-25 00:00:00.000000000,34,Weather
EK1217,2023-06-25 17:30:48.648648648,17,None
EK3282,2023-06-26 11:01:37.297297296,18,Weather
EK5446,2023-06-27 04:32:25.945945944,0,Mechanical Issue
EK4077,2023-06-27 22:03:14.594594592,11,Weather
EK5986,2023-06-28 15:34:03.243243240,0,None
EK643,2023-06-29 09:04:51.891891888,46,Traffic Control
EK5480,2023-06-30 02:35:40.540540544,0,Weather
EK3640,2023-06-30 20:06:29.189189192,41,None
EK7766,2023-07-01 13:37:17.837837840,44,Mechanical Issue
EK4991,2023-07-02 07:08:06.486486488,55,Weather
EK7692,2023-07-03 00:38:55.135135136,18,Weather
EK7591,2023-07-03 18:09:43.783783784,42,Weather
EK3438,2023-07-04 11:40:32.432432432,10,Weather
EK6088,2023-07-05 05:11:21.081081080,0,Crew
EK4136,2023-07-05 22:42:09.729729728,61,None
EK3722,2023-07-06 16:12:58.378378376,12,Crew
EK1667,2023-07-07 09:43:47.027027024,0,Weather
EK3116,2023-07-08 03:14:35.675675672,1,Weather
EK1562,2023-07-08 20:45:24.324324328,2,Weather
EK2656,2023-07-09 14:16:12.972972976,29,Mechanical Issue
EK5661,2023-07-10 07:47:01.621621624,85,None
EK5805,2023-07-11 01:17:50.270270272,31,Weather
EK3482,2023-07-11 18:48:38.918918920,21,None
EK7041,2023-07-12 12:19:27.567567568,89,None
EK3794,2023-07-13 05:50:16.216216216,44,Mechanical Issue
EK5229,2023-07-13 23:21:04.864864864,23,None
EK1656,2023-07-14 16:51:53.513513512,1,Crew
EK7830,2023-07-15 10:22:42.162162160,24,Traffic Control
EK5834,2023-07-16 03:53:30.810810808,13,Crew
EK1232,2023-07-16 21:24:19.459459456,18,Mechanical Issue
EK4830,2023-07-17 14:55:08.108108104,54,Weather
EK7301,2023-07-18 08:25:56.756756760,0,Mechanical Issue
EK5346,2023-07-19 01:56:45.405405408,30,Weather
EK7231,2023-07-19 19:27:34.054054056,43,Crew
EK7676,2023-07-20 12:58:22.702702704,0,Weather
EK7741,2023-07-21 06:29:11.351351352,0,None
EK1453,2023-07-22 00:00:00.000000000,10,None
EK3039,2023-07-22 17:30:48.648648648,1,Mechanical Issue
EK7556,2023-07-23 11:01:37.297297296,50,Weather
EK3824,2023-07-24 04:32:25.945945944,0,None
EK3801,2023-07-24 22:03:14.594594592,17,None
EK2042,2023-07-25 15:34:03.243243240,91,None
EK5793,2023-07-26 09:04:51.891891888,27,Weather
EK6272,2023-07-27 02:35:40.540540544,32,Mechanical Issue
EK1691,2023-07-27 20:06:29.189189192,50,Weather
EK6813,2023-07-28 13:37:17.837837840,1,Weather
EK6012,2023-07-29 07:08:06.486486488,0,None
EK3493,2023-07-30 00:38:55.135135136,20,None
EK7438,2023-07-30 18:09:43.783783784,23,Crew
EK3181,2023-07-31 11:40:32.432432432,0,None
EK1717,2023-08-01 05:11:21.081081080,26,Crew
EK2040,2023-08-01 22:42:09.729729728,47,Mechanical Issue
EK6672,2023-08-02 16:12:58.378378376,0,Mechanical Issue
EK3736,2023-08-03 09:43:47.027027024,28,None
EK6041,2023-08-04 03:14:35.675675672,42,Weather
EK2886,2023-08-04 20:45:24.324324328,33,None
EK4219,2023-08-05 14:16:12.972972976,35,None
EK6115,2023-08-06 07:47:01.621621624,8,Weather
EK1888,2023-08-07 01:17:50.270270272,0,Crew
EK2356,2023-08-07 18:48:38.918918920,2,None
EK1865,2023-08-08 12:19:27.567567568,0,Crew
EK999,2023-08-09 05:50:16.216216216,13,None
EK2180,2023-08-09 23:21:04.864864864,48,None
EK1010,2023-08-10 16:51:53.513513512,0,Mechanical Issue
EK7994,2023-08-11 10:22:42.162162160,19,Mechanical Issue
EK4812,2023-08-12 03:53:30.810810808,0,None
EK1824,2023-08-12 21:24:19.459459456,0,Traffic Control
EK1655,2023-08-13 14:55:08.108108104,32,Weather
EK2327,2023-08-14 08:25:56.756756760,0,Weather
EK3641,2023-08-15 01:56:45.405405408,37,Crew
EK7919,2023-08-15 19:27:34.054054056,0,None
EK3986,2023-08-16 12:58:22.702702704,35,None
EK2310,2023-08-17 06:29:11.351351352,0,Traffic Control
EK7088,2023-08-18 00:00:00.000000000,0,Weather
EK3423,2023-08-18 17:30:48.648648648,72,Weather
EK5801,2023-08-19 11:01:37.297297296,66,None
EK2714,2023-08-20 04:32:25.945945944,3,Weather
EK4686,2023-08-20 22:03:14.594594592,27,Weather
EK1213,2023-08-21 15:34:03.243243240,51,Weather
EK6477,2023-08-22 09:04:51.891891888,35,Traffic Control
EK4102,2023-08-23 02:35:40.540540544,7,None
EK4634,2023-08-23 20:06:29.189189192,0,Weather
EK7793,2023-08-24 13:37:17.837837840,41,Mechanical Issue
EK4022,2023-08-25 07:08:06.486486488,49,Traffic Control
EK4768,2023-08-26 00:38:55.135135136,66,None
EK5248,2023-08-26 18:09:43.783783784,0,Weather
EK5349,2023-08-27 11:40:32.432432432,0,Mechanical Issue
EK1743,2023-08-28 05:11:21.081081080,50,Mechanical Issue
EK4209,2023-08-28 22:42:09.729729728,0,None
EK1581,2023-08-29 16:12:58.378378376,52,Mechanical Issue
EK6279,2023-08-30 09:43:47.027027024,9,Weather
EK7119,2023-08-31 03:14:35.675675672,0,Traffic Control
EK955,2023-08-31 20:45:24.324324328,21,None
EK5424,2023-09-01 14:16:12.972972976,0,Weather
EK1394,2023-09-02 07:47:01.621621624,40,None
EK1884,2023-09-03 01:17:50.270270272,66,Weather
EK2458,2023-09-03 18:48:38.918918920,41,Crew
EK3572,2023-09-04 12:19:27.567567568,8,Mechanical Issue
EK7030,2023-09-05 05:50:16.216216216,0,None
EK2496,2023-09-05 23:21:04.864864864,0,Mechanical Issue
EK6991,2023-09-06 16:51:53.513513512,0,None
EK4785,2023-09-07 10:22:42.162162160,15,None
EK1004,2023-09-08 03:53:30.810810808,18,Traffic Control
EK1714,2023-09-08 21:24:19.459459456,41,None
EK2031,2023-09-09 14:55:08.108108104,0,None
EK3940,2023-09-10 08:25:56.756756760,54,Weather
EK1323,2023-09-11 01:56:45.405405408,36,Mechanical Issue
EK1428,2023-09-11 19:27:34.054054056,5,None
EK5529,2023-09-12 12:58:22.702702704,0,Weather
EK5736,2023-09-13 06:29:11.351351352,52,None
EK633,2023-09-14 00:00:00.000000000,6,None
EK2605,2023-09-14 17:30:48.648648648,14,Weather
EK4127,2023-09-15 11:01:37.297297296,27,Traffic Control
EK5280,2023-09-16 04:32:25.945945944,0,Mechanical Issue
EK7315,2023-09-16 22:03:14.594594592,7,Crew
EK6816,2023-09-17 15:34:03.243243240,41,Weather
EK2352,2023-09-18 09:04:51.891891888,38,Weather
EK5410,2023-09-19 02:35:40.540540544,38,Traffic Control
EK5768,2023-09-19 20:06:29.189189192,0,None
EK4675,2023-09-20 13:37:17.837837840,8,None
EK3433,2023-09-21 07:08:06.486486488,3,Crew
EK3784,2023-09-22 00:38:55.135135136,28,Weather
EK4798,2023-09-22 18:09:43.783783784,25,Traffic Control
EK3311,2023-09-23 11:40:32.432432432,20,Weather
EK5848,2023-09-24 05:11:21.081081080,89,None
EK6295,2023-09-24 22:42:09.729729728,6,None
EK1750,2023-09-25 16:12:58.378378376,3,None
EK6278,2023-09-26 09:43:47.027027024,0,None
EK6151,2023-09-27 03:14:35.675675672,0,Weather
EK4012,2023-09-27 20:45:24.324324328,0,None
EK6690,2023-09-28 14:16:12.972972976,0,Mechanical Issue
EK1756,2023-09-29 07:47:01.621621624,54,None
EK3876,2023-09-30 01:17:50.270270272,16,Weather
EK6145,2023-09-30 18:48:38.918918920,21,None
EK5762,2023-10-01 12:19:27.567567568,12,None
EK3986,2023-10-02 05:50:16.216216216,26,Weather
EK4084,2023-10-02 23:21:04.864864864,57,Mechanical Issue
EK1896,2023-10-03 16:51:53.513513512,0,None
EK4137,2023-10-04 10:22:42.162162160,52,Mechanical Issue
EK3830,2023-10-05 03:53:30.810810808,0,Weather
EK3203,2023-10-05 21:24:19.459459456,16,Weather
EK970,2023-10-06 14:55:08.108108104,81,Weather
EK7614,2023-10-07 08:25:56.756756760,35,None
EK5631,2023-10-08 01:56:45.405405408,26,Crew
EK1853,2023-10-08 19:27:34.054054056,75,Weather
EK3283,2023-10-09 12:58:22.702702704,0,Mechanical Issue
EK3331,2023-10-10 06:29:11.351351352,28,Mechanical Issue
EK5563,2023-10-11 00:00:00.000000000,32,Weather
EK857,2023-10-11 17:30:48.648648648,0,Mechanical Issue
EK3519,2023-10-12 11:01:37.297297296,2,Mechanical Issue
EK1167,2023-10-13 04:32:25.945945944,0,Mechanical Issue
EK4968,2023-10-13 22:03:14.594594592,18,None
EK5627,2023-10-14 15:34:03.243243240,31,Weather
EK1645,2023-10-15 09:04:51.891891888,19,Traffic Control
EK5967,2023-10-16 02:35:40.540540544,36,Crew
EK7319,2023-10-16 20:06:29.189189192,0,Crew
EK4685,2023-10-17 13:37:17.837837840,8,Traffic Control
EK4219,2023-10-18 07:08:06.486486488,0,Crew
EK3245,2023-10-19 00:38:55.135135136,24,None
EK7983,2023-10-19 18:09:43.783783784,24,Traffic Control
EK7845,2023-10-20 11:40:32.432432432,12,Crew
EK1039,2023-10-21 05:11:21.081081080,30,None
EK3279,2023-10-21 22:42:09.729729728,45,Traffic Control
EK5464,2023-10-22 16:12:58.378378376,13,Weather
EK4636,2023-10-23 09:43:47.027027024,0,Weather
EK5335,2023-10-24 03:14:35.675675672,0,Weather
EK4275,2023-10-24 20:45:24.324324328,16,None
EK6542,2023-10-25 14:16:12.972972976,22,None
EK7145,2023-10-26 07:47:01.621621624,0,None
EK7602,2023-10-27 01:17:50.270270272,37,Traffic Control
EK7812,2023-10-27 18:48:38.918918920,1,Mechanical Issue
EK5820,2023-10-28 12:19:27.567567568,0,Weather
EK5524,2023-10-29 05:50:16.216216216,53,Traffic Control
EK6632,2023-10-29 23:21:04.864864864,49,Crew
EK3008,2023-10-30 16:51:53.513513512,0,None
EK3279,2023-10-31 10:22:42.162162160,0,Weather
EK7395,2023-11-01 03:53:30.810810808,0,Crew
EK1424,2023-11-01 21:24:19.459459456,64,Traffic Control
EK3456,2023-11-02 14:55:08.108108104,12,Traffic Control
EK2081,2023-11-03 08:25:56.756756760,0,Crew
EK3824,2023-11-04 01:56:45.405405408,41,None
EK4985,2023-11-04 19:27:34.054054056,0,Weather
EK6213,2023-11-05 12:58:22.702702704,7,None
EK7526,2023-11-06 06:29:11.351351352,0,Traffic Control
EK755,2023-11-07 00:00:00.000000000,0,None
EK5304,2023-11-07 17:30:48.648648648,43,None
EK2338,2023-11-08 11:01:37.297297296,61,Mechanical Issue
EK2444,2023-11-09 04:32:25.945945944,0,Weather
EK7093,2023-11-09 22:03:14.594594592,34,None
EK509,2023-11-10 15:34:03.243243240,0,Crew
EK3371,2023-11-11 09:04:51.891891888,0,None
EK1297,2023-11-12 02:35:40.540540544,30,Weather
EK7909,2023-11-12 20:06:29.189189192,0,Traffic Control
EK7918,2023-11-13 13:37:17.837837840,29,None
EK5472,2023-11-14 07:08:06.486486488,37,None
EK5624,2023-11-15 00:38:55.135135136,2,Mechanical Issue
EK7786,2023-11-15 18:09:43.783783784,55,None
EK1515,2023-11-16 11:40:32.432432432,0,Crew
EK2324,2023-11-17 05:11:21.081081080,55,Weather
EK4969,2023-11-17 22:42:09.729729728,0,Traffic Control
EK3636,2023-11-18 16:12:58.378378376,96,Traffic Control
EK2693,2023-11-19 09:43:47.027027024,3,None
EK723,2023-11-20 03:14:35.675675672,0,Mechanical Issue
EK5858,2023-11-20 20:45:24.324324328,8,Weather
EK6820,2023-11-21 14:16:12.972972976,0,Weather
EK6398,2023-11-22 07:47:01.621621624,27,Mechanical Issue
EK5448,2023-11-23 01:17:50.270270272,56,Mechanical Issue
EK7949,2023-11-23 18:48:38.918918920,0,None
EK4658,2023-11-24 12:19:27.567567568,32,Mechanical Issue
EK5836,2023-11-25 05:50:16.216216216,0,None
EK4425,2023-11-25 23:21:04.864864864,46,None
EK7470,2023-11-26 16:51:53.513513512,27,Traffic Control
EK7438,2023-11-27 10:22:42.162162160,47,None
EK5284,2023-11-28 03:53:30.810810808,11,None
EK6080,2023-11-28 21:24:19.459459456,2,Crew
EK4500,2023-11-29 14:55:08.108108104,39,Weather
EK2133,2023-11-30 08:25:56.756756760,0,Mechanical Issue
EK2652,2023-12-01 01:56:45.405405408,0,Crew
EK7766,2023-12-01 19:27:34.054054056,15,None
EK1010,2023-12-02 12:58:22.702702704,3,Mechanical Issue
EK884,2023-12-03 06:29:11.351351352,32,None
EK904,2023-12-04 00:00:00.000000000,48,Traffic Control
EK7466,2023-12-04 17:30:48.648648648,31,Weather
EK5113,2023-12-05 11:01:37.297297296,45,None
EK5071,2023-12-06 04:32:25.945945944,25,Crew
EK2500,2023-12-06 22:03:14.594594592,30,Mechanical Issue
EK3256,2023-12-07 15:34:03.243243240,12,Traffic Control
EK2168,2023-12-08 09:04:51.891891888,29,Weather
EK6489,2023-12-09 02:35:40.540540544,20,Traffic Control
EK7414,2023-12-09 20:06:29.189189192,25,Mechanical Issue
EK1960,2023-12-10 13:37:17.837837840,10,Mechanical Issue
EK7690,2023-12-11 07:08:06.486486488,39,None
EK7640,2023-12-12 00:38:55.135135136,0,Crew
EK4136,2023-12-12 18:09:43.783783784,14,Weather
EK3224,2023-12-13 11:40:32.432432432,54,Mechanical Issue
EK5309,2023-12-14 05:11:21.081081080,0,None
EK4678,2023-12-14 22:42:09.729729728,0,Weather
EK5764,2023-12-15 16:12:58.378378376,26,Weather
EK7752,2023-12-16 09:43:47.027027024,7,Weather
EK7745,2023-12-17 03:14:35.675675672,45,Weather
EK7100,2023-12-17 20:45:24.324324328,11,None
EK6497,2023-12-18 14:16:12.972972976,0,None
EK2548,2023-12-19 07:47:01.621621624,13,Mechanical Issue
EK4646,2023-12-20 01:17:50.270270272,48,Traffic Control
EK5280,2023-12-20 18:48:38.918918920,32,Mechanical Issue
EK1216,2023-12-21 12:19:27.567567568,0,None
EK6065,2023-12-22 05:50:16.216216216,21,None
EK5044,2023-12-22 23:21:04.864864864,22,Mechanical Issue
EK5476,2023-12-23 16:51:53.513513512,14,None
EK5083,2023-12-24 10:22:42.162162160,0,None
EK2323,2023-12-25 03:53:30.810810808,51,Mechanical Issue
EK2581,2023-12-25 21:24:19.459459456,52,Weather
EK3919,2023-12-26 14:55:08.108108104,0,Mechanical Issue
EK6738,2023-12-27 08:25:56.756756760,0,None
EK7739,2023-12-28 01:56:45.405405408,11,None
EK2074,2023-12-28 19:27:34.054054056,43,None
EK6797,2023-12-29 12:58:22.702702704,16,None
EK749,2023-12-30 06:29:11.351351352,0,Traffic Control
EK1173,2023-12-31 00:00:00.000000000,36,None
